strain	length	A	C	G	T	N	other_IUPAC	-	?	invalid_nucleotides
PAN/CDC_259359_V1_V3/2015	10771	2952	2379	3142	2298	0	0	0	0	0
COL/FLR_00024/2015	10659	2921	2344	3113	2281	0	0	0	0	0
PRVABC59	10675	2923	2351	3115	2286	0	0	0	0	0
COL/FLR_00008/2015	10659	2924	2344	3110	2281	0	0	0	0	0
Colombia/2016/ZC204Se	10608	2907	2332	3093	2275	0	1	0	0	0
ZKC2/2016	10807	2955	2389	3159	2304	0	0	0	0	0
VEN/UF_1/2016	10808	2958	2383	3152	2315	0	0	0	0	0
DOM/2016/BB_0059	10035	2563	2089	2741	2015	621	6	0	0	0
BRA/2016/FC_6706	10366	2747	2203	2915	2165	329	7	0	0	0
DOM/2016/BB_0183	10621	2910	2343	3099	2269	0	0	0	0	0
EcEs062_16	10812	2960	2388	3158	2306	0	0	0	0	0
HND/2016/HU_ME59	10365	2842	2271	3016	2233	0	3	0	0	0
DOM/2016/MA_WGS16_011	10596	2840	2287	3030	2222	211	6	0	0	0
DOM/2016/BB_0433	10365	2847	2272	3015	2231	0	0	0	0	0
USA/2016/FL022	10365	2847	2271	3018	2229	0	0	0	0	0
SG_027	10734	2934	2379	3132	2274	15	0	0	0	0
SG_074	10762	2950	2389	3140	2283	0	0	0	0	0
SG_056	10737	2944	2381	3131	2281	0	0	0	0	0
USA/2016/FLUR022	10786	2956	2383	3149	2298	0	0	0	0	0
Aedes_aegypti/USA/2016/FL05	10608	2908	2339	3092	2269	0	0	0	0	0
SG_018	10659	2906	2367	3110	2257	19	0	0	0	0
USA/2016/FLWB042	10407	2245	1791	2403	1761	2207	0	0	0	0
COL/PRV_00028/2015	10638	2916	2344	3103	2275	0	0	0	0	0
Thailand/1610acTw	10454	2863	2304	3050	2237	0	0	0	0	0
1_0087_PF	10587	2896	2330	3089	2272	0	0	0	0	0
1_0199_PF	9142	2456	1996	2655	1970	65	0	0	0	0
1_0181_PF	10586	2899	2332	3086	2269	0	0	0	0	0
Brazil/2015/ZBRC301	10022	2688	2155	2871	2129	179	0	0	0	0
Brazil/2015/ZBRA105	10022	2691	2158	2872	2125	176	0	0	0	0
Brazil/2016/ZBRC16	9092	1917	1591	2126	1544	1914	0	0	0	0
V8375	10272	2819	2252	2991	2210	0	0	0	0	0
Nica1_16	10643	2915	2344	3104	2280	0	0	0	0	0
Brazil/2015/ZBRC303	9374	1597	1289	1698	1287	3503	0	0	0	0
SMGC_1	10785	2950	2386	3153	2295	1	0	0	0	0
